{
	"host_id" : 33057,
	"host_url" : "https://www.airbnb.com/users/show/33057",
	"host_name" : "Manju",
	"host_verifications" : [
		"email",
		"phone",
		"reviews"
	],
	"host_since" : ISODate("2009-08-21T00:00:00Z"),
	"host_location" : "AU",
	"host_response_time" : "N/A",
	"host_is_superhost" : false
}
{
	"host_id" : 38901,
	"host_url" : "https://www.airbnb.com/users/show/38901",
	"host_name" : "Lindsay",
	"host_verifications" : [
		"email",
		"phone",
		"reviews",
		"jumio",
		"government_id"
	],
	"host_since" : ISODate("2009-09-16T00:00:00Z"),
	"host_location" : "Melbourne, Victoria, Australia",
	"host_response_time" : "within an hour",
	"host_is_superhost" : true
}
{
	"host_id" : 50121,
	"host_url" : "https://www.airbnb.com/users/show/50121",
	"host_name" : "The A2C Team",
	"host_verifications" : [
		"email",
		"phone",
		"google",
		"reviews",
		"jumio",
		"government_id",
		"work_email"
	],
	"host_since" : ISODate("2009-10-31T00:00:00Z"),
	"host_location" : "Melbourne, Victoria, Australia",
	"host_response_time" : "within an hour",
	"host_is_superhost" : false
}
{
	"host_id" : 59786,
	"host_url" : "https://www.airbnb.com/users/show/59786",
	"host_name" : "Eleni",
	"host_verifications" : [
		"email",
		"phone",
		"facebook",
		"reviews",
		"jumio",
		"offline_government_id",
		"government_id",
		"work_email"
	],
	"host_since" : ISODate("2009-12-03T00:00:00Z"),
	"host_location" : "Melbourne, Victoria, Australia",
	"host_response_time" : "N/A",
	"host_is_superhost" : false
}
{
	"host_id" : 164193,
	"host_url" : "https://www.airbnb.com/users/show/164193",
	"host_name" : "Daryl & Dee",
	"host_verifications" : [
		"email",
		"phone",
		"manual_online",
		"reviews",
		"manual_offline",
		"work_email"
	],
	"host_since" : ISODate("2010-07-12T00:00:00Z"),
	"host_location" : "Berwick, Victoria, Australia",
	"host_response_time" : "within an hour",
	"host_is_superhost" : true
}
{
	"host_id" : 182833,
	"host_url" : "https://www.airbnb.com/users/show/182833",
	"host_name" : "Diana",
	"host_verifications" : [
		"email",
		"phone",
		"facebook",
		"reviews",
		"jumio",
		"offline_government_id",
		"government_id",
		"work_email"
	],
	"host_since" : ISODate("2010-07-27T00:00:00Z"),
	"host_location" : "Melbourne, Victoria, Australia",
	"host_response_time" : "N/A",
	"host_is_superhost" : false
}
{
	"host_id" : 189682,
	"host_url" : "https://www.airbnb.com/users/show/189682",
	"host_name" : "Belinda",
	"host_verifications" : [
		"email",
		"phone",
		"facebook",
		"reviews",
		"jumio",
		"offline_government_id",
		"selfie",
		"government_id",
		"identity_manual",
		"work_email"
	],
	"host_since" : ISODate("2010-08-03T00:00:00Z"),
	"host_location" : "Melbourne, Victoria, Australia",
	"host_response_time" : "within a few hours",
	"host_is_superhost" : false
}
{
	"host_id" : 189684,
	"host_url" : "https://www.airbnb.com/users/show/189684",
	"host_name" : "Allan",
	"host_verifications" : [
		"email",
		"phone",
		"facebook",
		"reviews",
		"jumio",
		"offline_government_id",
		"selfie",
		"government_id",
		"identity_manual"
	],
	"host_since" : ISODate("2010-08-03T00:00:00Z"),
	"host_location" : "Melbourne, Victoria, Australia",
	"host_response_time" : "within an hour",
	"host_is_superhost" : true
}
{
	"host_id" : 193031,
	"host_url" : "https://www.airbnb.com/users/show/193031",
	"host_name" : "Vicki",
	"host_verifications" : [
		"email",
		"phone",
		"facebook",
		"reviews",
		"jumio",
		"government_id"
	],
	"host_since" : ISODate("2010-08-06T00:00:00Z"),
	"host_location" : "Frankston, Victoria, Australia",
	"host_response_time" : "within an hour",
	"host_is_superhost" : true
}
{
	"host_id" : 212071,
	"host_url" : "https://www.airbnb.com/users/show/212071",
	"host_name" : "Loren",
	"host_verifications" : [
		"email",
		"phone",
		"facebook",
		"reviews",
		"jumio",
		"offline_government_id",
		"government_id"
	],
	"host_since" : ISODate("2010-08-24T00:00:00Z"),
	"host_location" : "Melbourne, Victoria, Australia",
	"host_response_time" : "N/A",
	"host_is_superhost" : true
}
{
	"host_id" : 190879,
	"host_url" : "https://www.airbnb.com/users/show/190879",
	"host_name" : "Michelle",
	"host_verifications" : [
		"email",
		"phone",
		"facebook",
		"reviews",
		"jumio",
		"government_id",
		"work_email"
	],
	"host_since" : ISODate("2009-10-31T00:00:00Z"),
	"host_location" : "Melbourne, Victoria, Australia",
	"host_response_time" : "within an hour",
	"host_is_superhost" : false
}
{
	"host_id" : 277353,
	"host_url" : "https://www.airbnb.com/users/show/277353",
	"host_name" : "Loretta",
	"host_verifications" : [
		"email",
		"phone",
		"reviews"
	],
	"host_since" : ISODate("2010-08-04T00:00:00Z"),
	"host_location" : "Victoria, Australia",
	"host_response_time" : "within an hour",
	"host_is_superhost" : true
}
{
	"host_id" : 326880,
	"host_url" : "https://www.airbnb.com/users/show/326880",
	"host_name" : "Kate",
	"host_verifications" : [
		"email",
		"phone",
		"reviews",
		"jumio",
		"government_id"
	],
	"host_since" : ISODate("2010-11-03T00:00:00Z"),
	"host_location" : "Melbourne, Victoria, Australia",
	"host_response_time" : "within a few hours",
	"host_is_superhost" : false
}
{
	"host_id" : 336319,
	"host_url" : "https://www.airbnb.com/users/show/336319",
	"host_name" : "Andre",
	"host_verifications" : [
		"email",
		"phone",
		"facebook",
		"reviews",
		"jumio",
		"government_id",
		"work_email"
	],
	"host_since" : ISODate("2009-10-31T00:00:00Z"),
	"host_location" : "Melbourne, Victoria, Australia",
	"host_response_time" : "within an hour",
	"host_is_superhost" : false
}
{
	"host_id" : 334095,
	"host_url" : "https://www.airbnb.com/users/show/334095",
	"host_name" : "Alec",
	"host_verifications" : [
		"email",
		"phone",
		"reviews",
		"jumio",
		"government_id",
		"work_email"
	],
	"host_since" : ISODate("2010-12-25T00:00:00Z"),
	"host_location" : "Melbourne, Victoria, Australia",
	"host_response_time" : "within a few hours",
	"host_is_superhost" : true
}
{
	"host_id" : 347754,
	"host_url" : "https://www.airbnb.com/users/show/347754",
	"host_name" : "Wendy",
	"host_verifications" : [
		"email",
		"phone",
		"reviews",
		"jumio",
		"government_id"
	],
	"host_since" : ISODate("2011-01-05T00:00:00Z"),
	"host_location" : "Melbourne, Victoria, Australia",
	"host_response_time" : "N/A",
	"host_is_superhost" : false
}
{
	"host_id" : 356006,
	"host_url" : "https://www.airbnb.com/users/show/356006",
	"host_name" : "Raewyn",
	"host_verifications" : [
		"email",
		"phone",
		"reviews",
		"jumio",
		"government_id"
	],
	"host_since" : ISODate("2011-01-03T00:00:00Z"),
	"host_location" : "Melbourne, Victoria, Australia",
	"host_response_time" : "N/A",
	"host_is_superhost" : false
}
{
	"host_id" : 392505,
	"host_url" : "https://www.airbnb.com/users/show/392505",
	"host_name" : "Mario",
	"host_verifications" : [
		"email",
		"phone",
		"reviews",
		"jumio",
		"government_id"
	],
	"host_since" : ISODate("2011-01-14T00:00:00Z"),
	"host_location" : "Clifton Hill, Victoria, Australia",
	"host_response_time" : "within a few hours",
	"host_is_superhost" : false
}
{
	"host_id" : 376675,
	"host_url" : "https://www.airbnb.com/users/show/376675",
	"host_name" : "Ramona",
	"host_verifications" : [
		"email",
		"phone",
		"facebook",
		"reviews",
		"jumio",
		"offline_government_id",
		"government_id"
	],
	"host_since" : ISODate("2009-12-03T00:00:00Z"),
	"host_location" : "Melbourne, Victoria, Australia",
	"host_response_time" : "N/A",
	"host_is_superhost" : false
}
{
	"host_id" : 65090,
	"host_url" : "https://www.airbnb.com/users/show/65090",
	"host_name" : "Colin",
	"host_verifications" : [
		"email",
		"phone",
		"facebook",
		"reviews",
		"jumio",
		"offline_government_id",
		"government_id"
	],
	"host_since" : ISODate("2009-12-22T00:00:00Z"),
	"host_location" : "Saint Kilda East, Victoria, Australia",
	"host_response_time" : "within an hour",
	"host_is_superhost" : false
}
{
	"host_id" : 395864,
	"host_url" : "https://www.airbnb.com/users/show/395864",
	"host_name" : "Linda",
	"host_verifications" : [
		"email",
		"phone",
		"facebook",
		"reviews"
	],
	"host_since" : ISODate("2011-01-21T00:00:00Z"),
	"host_location" : "Mordialloc, Victoria, Australia",
	"host_response_time" : "within a few hours",
	"host_is_superhost" : true
}
{
	"host_id" : 392594,
	"host_url" : "https://www.airbnb.com/users/show/392594",
	"host_name" : "Walter",
	"host_verifications" : [
		"email",
		"phone",
		"facebook",
		"reviews",
		"jumio",
		"government_id"
	],
	"host_since" : ISODate("2010-08-06T00:00:00Z"),
	"host_location" : "Frankston, Victoria, Australia",
	"host_response_time" : "within an hour",
	"host_is_superhost" : true
}
{
	"host_id" : 246509,
	"host_url" : "https://www.airbnb.com/users/show/246509",
	"host_name" : "Fiona",
	"host_verifications" : [
		"email",
		"phone",
		"facebook",
		"reviews",
		"jumio",
		"offline_government_id",
		"selfie",
		"government_id",
		"identity_manual"
	],
	"host_since" : ISODate("2011-02-17T00:00:00Z"),
	"host_location" : "Port Melbourne, Victoria, Australia",
	"host_response_time" : "within a few hours",
	"host_is_superhost" : true
}
{
	"host_id" : 668249,
	"host_url" : "https://www.airbnb.com/users/show/668249",
	"host_name" : "Shirley",
	"host_verifications" : [
		"email",
		"phone",
		"facebook",
		"reviews",
		"jumio",
		"offline_government_id",
		"selfie",
		"government_id",
		"identity_manual"
	],
	"host_since" : ISODate("2010-09-27T00:00:00Z"),
	"host_location" : "Australia",
	"host_response_time" : "within an hour",
	"host_is_superhost" : true
}
{
	"host_id" : 699180,
	"host_url" : "https://www.airbnb.com/users/show/699180",
	"host_name" : "Peter",
	"host_verifications" : [
		"email",
		"phone",
		"reviews",
		"jumio",
		"government_id"
	],
	"host_since" : ISODate("2011-05-05T00:00:00Z"),
	"host_location" : "Victoria, Australia",
	"host_response_time" : "within an hour",
	"host_is_superhost" : false
}
{
	"host_id" : 717024,
	"host_url" : "https://www.airbnb.com/users/show/717024",
	"host_name" : "Margaret",
	"host_verifications" : [
		"email",
		"phone",
		"facebook",
		"reviews",
		"jumio",
		"offline_government_id",
		"government_id"
	],
	"host_since" : ISODate("2011-05-09T00:00:00Z"),
	"host_location" : "Melbourne, Victoria, Australia",
	"host_response_time" : "within an hour",
	"host_is_superhost" : false
}
{
	"host_id" : 770883,
	"host_url" : "https://www.airbnb.com/users/show/770883",
	"host_name" : "Karen",
	"host_verifications" : [
		"email",
		"phone",
		"reviews",
		"jumio",
		"offline_government_id",
		"government_id",
		"work_email"
	],
	"host_since" : ISODate("2011-05-20T00:00:00Z"),
	"host_location" : "Parkdale, Victoria, Australia",
	"host_response_time" : "within a few hours",
	"host_is_superhost" : false
}
{
	"host_id" : 397569,
	"host_url" : "https://www.airbnb.com/users/show/397569",
	"host_name" : "Karen",
	"host_verifications" : [
		"email",
		"phone",
		"facebook",
		"reviews",
		"jumio",
		"government_id"
	],
	"host_since" : ISODate("2011-02-04T00:00:00Z"),
	"host_location" : "Fitzroy, Victoria, Australia",
	"host_response_time" : "within an hour",
	"host_is_superhost" : true
}
{
	"host_id" : 796181,
	"host_url" : "https://www.airbnb.com/users/show/796181",
	"host_name" : "John",
	"host_verifications" : [
		"email",
		"phone",
		"reviews"
	],
	"host_since" : ISODate("2011-06-05T00:00:00Z"),
	"host_location" : "Melbourne, Victoria, Australia",
	"host_response_time" : "N/A",
	"host_is_superhost" : false
}
{
	"host_id" : 804527,
	"host_url" : "https://www.airbnb.com/users/show/804527",
	"host_name" : "Tania",
	"host_verifications" : [
		"email",
		"phone",
		"reviews"
	],
	"host_since" : ISODate("2011-06-14T00:00:00Z"),
	"host_location" : "Melbourne, Victoria, Australia",
	"host_response_time" : "N/A",
	"host_is_superhost" : false
}
{
	"host_id" : 668611,
	"host_url" : "https://www.airbnb.com/users/show/668611",
	"host_name" : "Toni",
	"host_verifications" : [
		"email",
		"phone",
		"facebook",
		"reviews",
		"jumio",
		"government_id"
	],
	"host_since" : ISODate("2011-02-04T00:00:00Z"),
	"host_location" : "Fitzroy, Victoria, Australia",
	"host_response_time" : "within an hour",
	"host_is_superhost" : true
}
{
	"host_id" : 913736,
	"host_url" : "https://www.airbnb.com/users/show/913736",
	"host_name" : "Danielle & Ruth",
	"host_verifications" : [
		"email",
		"phone",
		"google",
		"reviews",
		"jumio",
		"government_id"
	],
	"host_since" : ISODate("2011-06-18T00:00:00Z"),
	"host_location" : "Melbourne, Victoria, Australia",
	"host_response_time" : "within an hour",
	"host_is_superhost" : true
}
{
	"host_id" : 1029900,
	"host_url" : "https://www.airbnb.com/users/show/1029900",
	"host_name" : "Oscar",
	"host_verifications" : [
		"email",
		"phone",
		"facebook",
		"reviews",
		"jumio",
		"government_id",
		"work_email"
	],
	"host_since" : ISODate("2011-07-03T00:00:00Z"),
	"host_location" : "Australia",
	"host_response_time" : "within a few hours",
	"host_is_superhost" : true
}
{
	"host_id" : 1038237,
	"host_url" : "https://www.airbnb.com/users/show/1038237",
	"host_name" : "Ian",
	"host_verifications" : [
		"email",
		"phone",
		"reviews"
	],
	"host_since" : ISODate("2011-07-03T00:00:00Z"),
	"host_location" : "Melbourne, Victoria, Australia",
	"host_response_time" : "within an hour",
	"host_is_superhost" : false
}
{
	"host_id" : 689924,
	"host_url" : "https://www.airbnb.com/users/show/689924",
	"host_name" : "Adrian",
	"host_verifications" : [
		"email",
		"phone",
		"reviews",
		"jumio",
		"offline_government_id",
		"government_id",
		"work_email"
	],
	"host_since" : ISODate("2009-10-31T00:00:00Z"),
	"host_location" : "Melbourne, Victoria, Australia",
	"host_response_time" : "within an hour",
	"host_is_superhost" : false
}
{
	"host_id" : 1107678,
	"host_url" : "https://www.airbnb.com/users/show/1107678",
	"host_name" : "Helen",
	"host_verifications" : [
		"email",
		"phone",
		"offline_government_id",
		"selfie",
		"government_id"
	],
	"host_since" : ISODate("2011-07-09T00:00:00Z"),
	"host_location" : "Mt Waverley, Victoria, Australia",
	"host_response_time" : "within a day",
	"host_is_superhost" : false
}
{
	"host_id" : 700065,
	"host_url" : "https://www.airbnb.com/users/show/700065",
	"host_name" : "Marilyn",
	"host_verifications" : [
		"email",
		"phone",
		"manual_online",
		"facebook",
		"reviews",
		"manual_offline",
		"jumio",
		"offline_government_id",
		"government_id"
	],
	"host_since" : ISODate("2011-07-11T00:00:00Z"),
	"host_location" : "Melbourne, Victoria, Australia",
	"host_response_time" : "N/A",
	"host_is_superhost" : false
}
{
	"host_id" : 1184368,
	"host_url" : "https://www.airbnb.com/users/show/1184368",
	"host_name" : "Dan",
	"host_verifications" : [
		"email",
		"phone",
		"reviews",
		"jumio",
		"government_id"
	],
	"host_since" : ISODate("2011-06-06T00:00:00Z"),
	"host_location" : "Hawthorn East, Victoria, Australia",
	"host_response_time" : "within a few hours",
	"host_is_superhost" : false
}
{
	"host_id" : 1165452,
	"host_url" : "https://www.airbnb.com/users/show/1165452",
	"host_name" : "Julie",
	"host_verifications" : [
		"email",
		"phone",
		"facebook",
		"reviews",
		"jumio",
		"government_id"
	],
	"host_since" : ISODate("2010-07-27T00:00:00Z"),
	"host_location" : "Melbourne, Victoria, Australia",
	"host_response_time" : "N/A",
	"host_is_superhost" : false
}
{
	"host_id" : 1198300,
	"host_url" : "https://www.airbnb.com/users/show/1198300",
	"host_name" : "Daniela",
	"host_verifications" : [
		"email",
		"phone",
		"facebook",
		"reviews"
	],
	"host_since" : ISODate("2011-08-03T00:00:00Z"),
	"host_location" : "Melbourne, Victoria, Australia",
	"host_response_time" : "within an hour",
	"host_is_superhost" : false
}
{
	"host_id" : 1197236,
	"host_url" : "https://www.airbnb.com/users/show/1197236",
	"host_name" : "Clarelee",
	"host_verifications" : [
		"email",
		"phone",
		"reviews"
	],
	"host_since" : ISODate("2011-08-03T00:00:00Z"),
	"host_location" : "Melbourne, Victoria, Australia",
	"host_response_time" : "within an hour",
	"host_is_superhost" : false
}
{
	"host_id" : 1214242,
	"host_url" : "https://www.airbnb.com/users/show/1214242",
	"host_name" : "Mal",
	"host_verifications" : [
		"email",
		"phone",
		"reviews",
		"jumio"
	],
	"host_since" : ISODate("2011-08-28T00:00:00Z"),
	"host_location" : "Melbourne, Victoria, Australia",
	"host_response_time" : "within a day",
	"host_is_superhost" : false
}
{
	"host_id" : 950667,
	"host_url" : "https://www.airbnb.com/users/show/950667",
	"host_name" : "Rosemary",
	"host_verifications" : [
		"email",
		"phone",
		"facebook",
		"reviews"
	],
	"host_since" : ISODate("2011-08-30T00:00:00Z"),
	"host_location" : "Melbourne, Victoria, Australia",
	"host_response_time" : "N/A",
	"host_is_superhost" : false
}
{
	"host_id" : 1260586,
	"host_url" : "https://www.airbnb.com/users/show/1260586",
	"host_name" : "Neil",
	"host_verifications" : [
		"email",
		"phone",
		"facebook",
		"reviews",
		"offline_government_id",
		"government_id"
	],
	"host_since" : ISODate("2011-06-11T00:00:00Z"),
	"host_location" : "Melbourne, Victoria, Australia",
	"host_response_time" : "N/A",
	"host_is_superhost" : false
}
{
	"host_id" : 1345462,
	"host_url" : "https://www.airbnb.com/users/show/1345462",
	"host_name" : "Gloria",
	"host_verifications" : [
		"email",
		"phone",
		"facebook",
		"reviews",
		"jumio",
		"government_id"
	],
	"host_since" : ISODate("2011-09-04T00:00:00Z"),
	"host_location" : "Melbourne, Victoria, Australia",
	"host_response_time" : "N/A",
	"host_is_superhost" : false
}
{
	"host_id" : 772011,
	"host_url" : "https://www.airbnb.com/users/show/772011",
	"host_name" : "Alice",
	"host_verifications" : [
		"email",
		"phone",
		"reviews",
		"manual_offline",
		"jumio",
		"offline_government_id",
		"government_id"
	],
	"host_since" : ISODate("2011-05-31T00:00:00Z"),
	"host_location" : "Melbourne, Victoria, Australia",
	"host_response_time" : "N/A",
	"host_is_superhost" : false
}
{
	"host_id" : 605990,
	"host_url" : "https://www.airbnb.com/users/show/605990",
	"host_name" : "Jenny",
	"host_verifications" : [
		"email",
		"phone",
		"facebook",
		"jumio",
		"offline_government_id",
		"government_id"
	],
	"host_since" : ISODate("2011-06-14T00:00:00Z"),
	"host_location" : "Melbourne, Victoria, Australia",
	"host_response_time" : "within a few hours",
	"host_is_superhost" : false
}
{
	"host_id" : 287730,
	"host_url" : "https://www.airbnb.com/users/show/287730",
	"host_name" : "Rebecca",
	"host_verifications" : [
		"email",
		"phone",
		"reviews",
		"jumio",
		"government_id"
	],
	"host_since" : ISODate("2011-09-20T00:00:00Z"),
	"host_location" : "Australia",
	"host_response_time" : "within an hour",
	"host_is_superhost" : true
}
{
	"host_id" : 538647,
	"host_url" : "https://www.airbnb.com/users/show/538647",
	"host_name" : "Chris",
	"host_verifications" : [
		"email",
		"phone",
		"reviews",
		"jumio",
		"government_id"
	],
	"host_since" : ISODate("2011-09-15T00:00:00Z"),
	"host_location" : "Melbourne, Victoria, Australia",
	"host_response_time" : "N/A",
	"host_is_superhost" : false
}
{
	"host_id" : 1296115,
	"host_url" : "https://www.airbnb.com/users/show/1296115",
	"host_name" : "Fiona",
	"host_verifications" : [
		"email",
		"phone",
		"reviews"
	],
	"host_since" : ISODate("2011-09-23T00:00:00Z"),
	"host_location" : "Melbourne, Victoria, Australia",
	"host_response_time" : "N/A",
	"host_is_superhost" : false
}
{
	"host_id" : 1300846,
	"host_url" : "https://www.airbnb.com/users/show/1300846",
	"host_name" : "Ayelet",
	"host_verifications" : [
		"email",
		"phone",
		"facebook",
		"reviews",
		"jumio",
		"government_id"
	],
	"host_since" : ISODate("2011-09-22T00:00:00Z"),
	"host_location" : "Belgrave, Victoria, Australia",
	"host_response_time" : "within an hour",
	"host_is_superhost" : true
}
{
	"host_id" : 1344893,
	"host_url" : "https://www.airbnb.com/users/show/1344893",
	"host_name" : "Hoang And Michael",
	"host_verifications" : [
		"email",
		"phone",
		"reviews",
		"jumio",
		"offline_government_id",
		"government_id"
	],
	"host_since" : ISODate("2011-09-27T00:00:00Z"),
	"host_location" : "Melbourne, Victoria, Australia",
	"host_response_time" : "within a day",
	"host_is_superhost" : true
}
{
	"host_id" : 504534,
	"host_url" : "https://www.airbnb.com/users/show/504534",
	"host_name" : "Lanie",
	"host_verifications" : [
		"email",
		"phone",
		"facebook",
		"reviews",
		"jumio",
		"offline_government_id",
		"government_id"
	],
	"host_since" : ISODate("2011-08-10T00:00:00Z"),
	"host_location" : "Parkville, Victoria, Australia",
	"host_response_time" : "within a few hours",
	"host_is_superhost" : false
}
{
	"host_id" : 1372143,
	"host_url" : "https://www.airbnb.com/users/show/1372143",
	"host_name" : "Chlo√©",
	"host_verifications" : [
		"email",
		"phone",
		"reviews"
	],
	"host_since" : ISODate("2011-10-07T00:00:00Z"),
	"host_location" : "Melbourne, Victoria, Australia",
	"host_response_time" : "within an hour",
	"host_is_superhost" : false
}
{
	"host_id" : 1384456,
	"host_url" : "https://www.airbnb.com/users/show/1384456",
	"host_name" : "Eliisa",
	"host_verifications" : [
		"phone",
		"facebook",
		"reviews",
		"offline_government_id",
		"selfie",
		"government_id",
		"identity_manual"
	],
	"host_since" : ISODate("2011-10-28T00:00:00Z"),
	"host_location" : "Melbourne, Victoria, Australia",
	"host_response_time" : "within an hour",
	"host_is_superhost" : true
}
{
	"host_id" : 1179603,
	"host_url" : "https://www.airbnb.com/users/show/1179603",
	"host_name" : "Anita",
	"host_verifications" : [
		"email",
		"phone"
	],
	"host_since" : ISODate("2011-05-19T00:00:00Z"),
	"host_location" : "Melbourne, Victoria, Australia",
	"host_response_time" : "N/A",
	"host_is_superhost" : false
}
{
	"host_id" : 1407948,
	"host_url" : "https://www.airbnb.com/users/show/1407948",
	"host_name" : "Richard",
	"host_verifications" : [
		""
	],
	"host_since" : ISODate("2010-11-15T00:00:00Z"),
	"host_location" : "Melbourne, Victoria, Australia",
	"host_response_time" : "within a few hours",
	"host_is_superhost" : true
}
{
	"host_id" : 1408673,
	"host_url" : "https://www.airbnb.com/users/show/1408673",
	"host_name" : "Little Journey",
	"host_verifications" : [
		"email",
		"phone",
		"facebook",
		"reviews",
		"jumio",
		"offline_government_id",
		"government_id"
	],
	"host_since" : ISODate("2011-04-27T00:00:00Z"),
	"host_location" : "Albert Park, Victoria, Australia",
	"host_response_time" : "within a few hours",
	"host_is_superhost" : false
}
{
	"host_id" : 1448773,
	"host_url" : "https://www.airbnb.com/users/show/1448773",
	"host_name" : "Margaret Jiin",
	"host_verifications" : [
		"email",
		"phone",
		"facebook",
		"reviews",
		"jumio",
		"offline_government_id",
		"government_id"
	],
	"host_since" : ISODate("2011-10-16T00:00:00Z"),
	"host_location" : "Perth, Western Australia, Australia",
	"host_response_time" : "within an hour",
	"host_is_superhost" : true
}
{
	"host_id" : 1475619,
	"host_url" : "https://www.airbnb.com/users/show/1475619",
	"host_name" : "Lulu",
	"host_verifications" : [
		"email",
		"phone",
		"reviews",
		"offline_government_id",
		"government_id",
		"work_email"
	],
	"host_since" : ISODate("2011-10-17T00:00:00Z"),
	"host_location" : "Melbourne, Victoria, Australia",
	"host_response_time" : "within a few hours",
	"host_is_superhost" : false
}
{
	"host_id" : 1480426,
	"host_url" : "https://www.airbnb.com/users/show/1480426",
	"host_name" : "Kate",
	"host_verifications" : [
		"email",
		"phone",
		"reviews",
		"jumio",
		"offline_government_id",
		"government_id"
	],
	"host_since" : ISODate("2009-10-31T00:00:00Z"),
	"host_location" : "Melbourne, Victoria, Australia",
	"host_response_time" : "within an hour",
	"host_is_superhost" : false
}
{
	"host_id" : 794442,
	"host_url" : "https://www.airbnb.com/users/show/794442",
	"host_name" : "Angel",
	"host_verifications" : [
		"email",
		"phone",
		"facebook",
		"reviews",
		"jumio",
		"offline_government_id",
		"government_id"
	],
	"host_since" : ISODate("2011-10-28T00:00:00Z"),
	"host_location" : "Melbourne, Victoria, Australia",
	"host_response_time" : "within an hour",
	"host_is_superhost" : false
}
{
	"host_id" : 1533260,
	"host_url" : "https://www.airbnb.com/users/show/1533260",
	"host_name" : "Ryan",
	"host_verifications" : [
		"email",
		"phone",
		"facebook",
		"reviews",
		"jumio",
		"offline_government_id",
		"government_id"
	],
	"host_since" : ISODate("2011-04-12T00:00:00Z"),
	"host_location" : "Melbourne, Victoria, Australia",
	"host_response_time" : "within a few hours",
	"host_is_superhost" : false
}
{
	"host_id" : 1505279,
	"host_url" : "https://www.airbnb.com/users/show/1505279",
	"host_name" : "Julie",
	"host_verifications" : [
		"email",
		"phone",
		"facebook",
		"reviews",
		"jumio",
		"government_id"
	],
	"host_since" : ISODate("2011-05-09T00:00:00Z"),
	"host_location" : "Melbourne, Victoria, Australia",
	"host_response_time" : "within an hour",
	"host_is_superhost" : false
}
{
	"host_id" : 1582716,
	"host_url" : "https://www.airbnb.com/users/show/1582716",
	"host_name" : "Sharyn",
	"host_verifications" : [
		"email",
		"phone",
		"facebook",
		"reviews",
		"jumio",
		"government_id",
		"work_email"
	],
	"host_since" : ISODate("2011-11-05T00:00:00Z"),
	"host_location" : "Melbourne, Victoria, Australia",
	"host_response_time" : "within an hour",
	"host_is_superhost" : false
}
{
	"host_id" : 1597828,
	"host_url" : "https://www.airbnb.com/users/show/1597828",
	"host_name" : "Bridget",
	"host_verifications" : [
		"email",
		"phone",
		"reviews",
		"jumio",
		"offline_government_id",
		"selfie",
		"government_id"
	],
	"host_since" : ISODate("2011-09-19T00:00:00Z"),
	"host_location" : "Melbourne, Victoria, Australia",
	"host_response_time" : "N/A",
	"host_is_superhost" : false
}
{
	"host_id" : 1612516,
	"host_url" : "https://www.airbnb.com/users/show/1612516",
	"host_name" : "Haydn",
	"host_verifications" : [
		"email",
		"phone",
		"reviews",
		"jumio",
		"government_id",
		"work_email"
	],
	"host_since" : ISODate("2011-11-15T00:00:00Z"),
	"host_location" : "Melbourne, Victoria, Australia",
	"host_response_time" : "N/A",
	"host_is_superhost" : false
}
{
	"host_id" : 1628602,
	"host_url" : "https://www.airbnb.com/users/show/1628602",
	"host_name" : "Jacqueline",
	"host_verifications" : [
		"phone",
		"reviews",
		"jumio",
		"government_id"
	],
	"host_since" : ISODate("2011-11-15T00:00:00Z"),
	"host_location" : "Australia",
	"host_response_time" : "within an hour",
	"host_is_superhost" : true
}
{
	"host_id" : 721348,
	"host_url" : "https://www.airbnb.com/users/show/721348",
	"host_name" : "Living Like Locals",
	"host_verifications" : [
		"email",
		"phone",
		"reviews",
		"sent_id"
	],
	"host_since" : ISODate("2011-11-28T00:00:00Z"),
	"host_location" : "Melbourne, Victoria, Australia",
	"host_response_time" : "within a few hours",
	"host_is_superhost" : false
}
{
	"host_id" : 1608157,
	"host_url" : "https://www.airbnb.com/users/show/1608157",
	"host_name" : "Fay",
	"host_verifications" : [
		"email",
		"phone",
		"reviews",
		"jumio",
		"government_id"
	],
	"host_since" : ISODate("2009-10-31T00:00:00Z"),
	"host_location" : "Melbourne, Victoria, Australia",
	"host_response_time" : "within an hour",
	"host_is_superhost" : false
}
{
	"host_id" : 1704562,
	"host_url" : "https://www.airbnb.com/users/show/1704562",
	"host_name" : "Kate",
	"host_verifications" : [
		"email",
		"phone",
		"facebook"
	],
	"host_since" : ISODate("2011-02-18T00:00:00Z"),
	"host_location" : "Melbourne, Victoria, Australia",
	"host_response_time" : "within a day",
	"host_is_superhost" : false
}
{
	"host_id" : 1705701,
	"host_url" : "https://www.airbnb.com/users/show/1705701",
	"host_name" : "Veruschka",
	"host_verifications" : [
		"email",
		"phone",
		"reviews",
		"jumio",
		"offline_government_id",
		"selfie",
		"government_id",
		"identity_manual"
	],
	"host_since" : ISODate("2011-12-05T00:00:00Z"),
	"host_location" : "Fitzroy, Victoria, Australia",
	"host_response_time" : "within an hour",
	"host_is_superhost" : true
}
{
	"host_id" : 1810523,
	"host_url" : "https://www.airbnb.com/users/show/1810523",
	"host_name" : "Viktoria",
	"host_verifications" : [
		"email",
		"phone",
		"reviews",
		"jumio",
		"government_id"
	],
	"host_since" : ISODate("2011-09-19T00:00:00Z"),
	"host_location" : "Melbourne, Victoria, Australia",
	"host_response_time" : "N/A",
	"host_is_superhost" : false
}
{
	"host_id" : 1835097,
	"host_url" : "https://www.airbnb.com/users/show/1835097",
	"host_name" : "Rovielle",
	"host_verifications" : [
		"email",
		"phone",
		"facebook",
		"reviews",
		"jumio",
		"government_id"
	],
	"host_since" : ISODate("2011-11-15T00:00:00Z"),
	"host_location" : "Melbourne, Victoria, Australia",
	"host_response_time" : "N/A",
	"host_is_superhost" : false
}
{
	"host_id" : 1835785,
	"host_url" : "https://www.airbnb.com/users/show/1835785",
	"host_name" : "Alan",
	"host_verifications" : [
		"email",
		"phone",
		"reviews",
		"jumio",
		"government_id"
	],
	"host_since" : ISODate("2011-11-15T00:00:00Z"),
	"host_location" : "Melbourne, Victoria, Australia",
	"host_response_time" : "within a few hours",
	"host_is_superhost" : false
}
{
	"host_id" : 559227,
	"host_url" : "https://www.airbnb.com/users/show/559227",
	"host_name" : "Malcolm",
	"host_verifications" : [
		"phone",
		"reviews",
		"jumio",
		"offline_government_id",
		"government_id"
	],
	"host_since" : ISODate("2011-02-18T00:00:00Z"),
	"host_location" : "Melbourne, Victoria, Australia",
	"host_response_time" : "within a day",
	"host_is_superhost" : false
}
{
	"host_id" : 1847357,
	"host_url" : "https://www.airbnb.com/users/show/1847357",
	"host_name" : "Susan",
	"host_verifications" : [
		"email",
		"phone",
		"facebook",
		"reviews",
		"offline_government_id",
		"selfie",
		"government_id"
	],
	"host_since" : ISODate("2011-11-28T00:00:00Z"),
	"host_location" : "Melbourne, Victoria, Australia",
	"host_response_time" : "within an hour",
	"host_is_superhost" : true
}
{
	"host_id" : 569413,
	"host_url" : "https://www.airbnb.com/users/show/569413",
	"host_name" : "Dina",
	"host_verifications" : [
		"email",
		"phone",
		"reviews",
		"manual_offline",
		"jumio",
		"offline_government_id",
		"government_id"
	],
	"host_since" : ISODate("2011-02-26T00:00:00Z"),
	"host_location" : "South Melbourne, Victoria, Australia",
	"host_response_time" : "within an hour",
	"host_is_superhost" : true
}
{
	"host_id" : 606393,
	"host_url" : "https://www.airbnb.com/users/show/606393",
	"host_name" : "Barbara",
	"host_verifications" : [
		"email",
		"phone",
		"facebook",
		"reviews",
		"jumio",
		"government_id"
	],
	"host_since" : ISODate("2011-03-03T00:00:00Z"),
	"host_location" : "Prahran, Victoria, Australia",
	"host_response_time" : "within an hour",
	"host_is_superhost" : true
}
{
	"host_id" : 646383,
	"host_url" : "https://www.airbnb.com/users/show/646383",
	"host_name" : "Hannah",
	"host_verifications" : [
		"email",
		"phone",
		"reviews"
	],
	"host_since" : ISODate("2009-10-31T00:00:00Z"),
	"host_location" : "Melbourne, Victoria, Australia",
	"host_response_time" : "within an hour",
	"host_is_superhost" : false
}
{
	"host_id" : 1349266,
	"host_url" : "https://www.airbnb.com/users/show/1349266",
	"host_name" : "Adam",
	"host_verifications" : [
		"email",
		"phone",
		"facebook",
		"reviews",
		"jumio",
		"offline_government_id",
		"selfie",
		"government_id",
		"identity_manual"
	],
	"host_since" : ISODate("2011-11-08T00:00:00Z"),
	"host_location" : "New York, New York, United States",
	"host_response_time" : "within a few hours",
	"host_is_superhost" : true
}
{
	"host_id" : 410806,
	"host_url" : "https://www.airbnb.com/users/show/410806",
	"host_name" : "Judy",
	"host_verifications" : [
		"email",
		"phone",
		"facebook",
		"reviews",
		"jumio",
		"government_id"
	],
	"host_since" : ISODate("2011-02-15T00:00:00Z"),
	"host_location" : "Melbourne, Victoria, Australia",
	"host_response_time" : "within an hour",
	"host_is_superhost" : true
}
{
	"host_id" : 419767,
	"host_url" : "https://www.airbnb.com/users/show/419767",
	"host_name" : "Julie",
	"host_verifications" : [
		"email",
		"phone",
		"reviews",
		"manual_offline",
		"jumio",
		"government_id"
	],
	"host_since" : ISODate("2011-02-15T00:00:00Z"),
	"host_location" : "Melbourne, Victoria, Australia",
	"host_response_time" : "within a few hours",
	"host_is_superhost" : false
}
